Paradiso ODM Live Band Pub, Kenya, -1.29471412, 36.85412633
Bellstetic pelquerÃ­a, Colombia, 4.65992641, -74.06171417
Ğ¢Ğ¾Ñ€Ğ³Ğ¾Ğ²Ñ‹Ğ¹ ĞšĞ²Ğ°Ñ€Ñ‚Ğ°Ğ», Russia, 55.72478514, 52.38109589
YTÃœ Merkez KÃ¼tÃ¼phanesi, TÃ¼rkiye, 41.02184077, 28.89402518
Energy Fitness, MÃ©xico, 19.39520134, -99.17480707
Ana Evi BeleÅŸ Yemek, TÃ¼rkiye, 40.20502635, 29.05424044
Karden Avenue Residence w/, TÃ¼rkiye, 41.01931609, 28.65282512
Kudret Apt., TÃ¼rkiye, 38.78833699, 35.60944676
Akar homes, TÃ¼rkiye, 36.87900656, 28.27020356
Filiz Suit, TÃ¼rkiye, 40.76703319, 29.90549827
Ä°stinyePark -, TÃ¼rkiye, 41.11008928, 29.03264668
Acikbas' Home, TÃ¼rkiye, 36.99497841, 35.33016455
Ayasofya MeydanÄ± w/ 379 others, TÃ¼rkiye, 41.00777049, 28.97741675
YeÅŸilkÃ¶y, TÃ¼rkiye, 40.95941904, 28.82237434
KebapÃ§Ä± HacÄ± Usta, TÃ¼rkiye, 38.67659814, 29.40616181
Sabiha GÃ¶kÃ§en International Airport, TÃ¼rkiye, 40.90754499, 29.31577206
Nilce Salgados, Brasil, -3.7359942, -38.47991275
GÃ¶nÃ¼l Kahvesi w/, TÃ¼rkiye, 37.9649985, 34.67141265
Body BuldÄ±ng&amp;Fitness Gym, TÃ¼rkiye, 41.05334198, 29.06308147
Akasya AcÄ±badem -, TÃ¼rkiye, 41.00082418, 29.05398846
SueÃ±o de Fiesta, Brasil, -22.53649836, -55.73902313
LIRR - Jamaica Station -, United States, 40.69902344, -73.81001472
Sakarya Ãœniversitesi Karasu Meslek YÃ¼ksekokulu, TÃ¼rkiye, 41.09820826, 30.71957588
Lopes Ribeiro &amp; Anjos Carvalho Advogados, Brasil, -26.24348774, -48.6397567
Pizza GÃ¼lhan w/, BelgiÃ«, 51.06102727, 3.72616729
Dorock Heavy Metal Club -, TÃ¼rkiye, 41.03557336, 28.98128244
Tribunal Regional do Trabalho da 21Âª RegiÃ£o, Brasil, -5.21102789, -37.31828314
Kahve DiyarÄ± w/, TÃ¼rkiye, 40.81587967, 29.30273422
à¸£à¸²à¸Šà¸²à¸šà¸°à¸«à¸¡à¸µà¹ˆà¹€à¸à¸µà¹Šà¸¢à¸§à¸«à¸¡à¸¹à¹à¸”à¸‡, Thailand, 13.7586453, 100.46401112
RÃ¡dio Banda B -, Brasil, -25.40406954, -49.2913413
TaÅŸkent, TÃ¼rkiye, 39.54744228, 29.47762067
Hauptplatz w/, Ã–sterreich, 47.07105717, 15.43815136
Junta Federal de Conciliacion y Arbitraje, MÃ©xico, 19.48933136, -99.17668649
Hausbrauerei MÃ¶nchwasen, Deutschland, 48.74579395, 8.80648527
Starbucks Coffee | Ø³ØªØ§Ø±Ø¨ÙƒØ³ ÙƒØ§ÙÙŠÙ‡ w/, null, 26.45377278, 50.12023899
HoÅŸgÃ¶r, TÃ¼rkiye, 40.76427914, 29.93414998
DenizkÃ¶ÅŸkler w/, TÃ¼rkiye, 40.9745845, 28.73010635
Casa do JÃºlio, Brasil, -15.80189902, -48.07539172
Karaaslan Bilardo, TÃ¼rkiye, 37.91700697, 28.33078754
bahÃ§eci's home, TÃ¼rkiye, 39.17795275, 27.61414568
Form Spor Center 2, TÃ¼rkiye, 37.84849314, 27.72556531
Ã‡ilingir KÃ¶yÃ¼, TÃ¼rkiye, 41.085297, 40.77854096
Salahi Malikanesi, TÃ¼rkiye, 41.01078131, 28.93539675
Camili w/, TÃ¼rkiye, 40.85863929, 30.32077011
KÄ±rmÄ±zÄ± DÃ¼rÃ¼mcÃ¼, TÃ¼rkiye, 41.33431698, 36.27582607
Edificio TIGO Mariscal LÃ³pez -, Paraguay, -25.29555271, -57.57698508
ĞœĞ¾Ñ€ĞµĞœĞ¾Ğ»Ğ» /, Russia, 43.60601763, 39.73242044
febe's seat, BelgiÃ«, 50.86669132, 3.30234117
IBM -, MÃ©xico, 20.56688392, -103.29221323
Ganchos Do Meio w/, Brasil, -27.31461583, -48.55447967
Mangal -, TÃ¼rkiye, 41.32757084, 36.30213092
Dayusa Sportif YaÅŸam Merkezi -, TÃ¼rkiye, 39.78698252, 30.50773851
Nargile DumanÄ± w/, TÃ¼rkiye, 38.45950618, 27.2124316
Al Fakheer Shisha Lounge w/, TÃ¼rkiye, 41.07765713, 29.04061425
CrossFit -  Fitness Center - Spor Salonu, TÃ¼rkiye, 38.38425671, 27.16678619
Monteiro's House, Brasil, 2.83668371, -60.65754254
Ada Brasserie w/, TÃ¼rkiye, 40.98965288, 29.02265627
Waffle'cÄ± AkÄ±n w/, TÃ¼rkiye, 38.38299161, 27.18200023
Cevahir w/, TÃ¼rkiye, 41.06310965, 28.99231911
Platoon 8, TÃ¼rkiye, 40.22241894, 28.841801
Dem Bar, TÃ¼rkiye, 39.77998658, 30.5141205
Escape, Nederland, 52.36635192, 4.89628106
Colegio Garcia Flamenco, El Salvador, 13.70510514, -89.21909094
Tahtasaray, TÃ¼rkiye, 41.08781002, 29.01201725
optimus w/, TÃ¼rkiye, 38.61056746, 27.41434822
CrÃªperie Les 3 Pommes w/, EspaÃ±a, 41.38585394, 2.15622638
Our Lady's Children's Hospital Crumlin, Ireland, 53.32608655, -6.31797552
Piazza, TÃ¼rkiye, 40.89175955, 29.38142497
ALTINYILDIZ CLASSICS ALANYUM, TÃ¼rkiye, 36.54383938, 32.03151124
TÃ¼rkmenoÄŸlu, TÃ¼rkiye, 36.54634083, 32.00480364
Bildungszentrum am Antonplatz, Deutschland, 52.54754083, 13.45291776
Lucia Cabelo E EstÃ©tica, Brasil, -22.32708448, -49.08744283
Haylaz Cafe, TÃ¼rkiye, 36.89316559, 30.65904236
Biralem, TÃ¼rkiye, 38.45982684, 27.21155226
sultan's home, TÃ¼rkiye, 41.01188534, 39.61161006
hallak's house w/, Saudi Arabia, 26.29730874, 50.20899289
SevinÃ§ Spor Merkezi 3, TÃ¼rkiye, 41.217673, 32.66273623
HD Ä°skender, TÃ¼rkiye, 36.85244795, 30.75645415
Ayasofya MeydanÄ± w/, TÃ¼rkiye, 41.00777037, 28.977701
Ma Maison, TÃ¼rkiye, 37.04566802, 35.26428848
90 Calentados, Colombia, 4.67430704, -74.0521787
YÃ¡zigi Here I am - IjuÃ­, Brasil, -28.38779486, -53.91222954
Renkli RÃ¼yalar Oteli, TÃ¼rkiye, 38.38908268, 27.04998589
Melita Cafe w/, TÃ¼rkiye, 40.97066385, 29.03909683
BaÄŸdat Caddesi -, TÃ¼rkiye, 40.96443407, 29.07321453
Academia Master Sport Center, Brasil, -22.90119714, -43.11178155
Munch Bakery | Ù…Ù†Ø´, Saudi Arabia, 21.53834971, 39.16428137
PazariÃ§i w/, TÃ¼rkiye, 41.0589061, 28.93588294
Tuzla Sahili w/, TÃ¼rkiye, 40.81656997, 29.29821968
Bego Amca Home, TÃ¼rkiye, 37.75169899, 27.40277428
MalecÃ³n AmÃ©ricas, MÃ©xico, 21.14665259, -86.82157159
Parlamenterler Sitesi w/, TÃ¼rkiye, 41.0090697, 28.62607956
Banco HSBC, Brasil, -1.451772, -48.469028
Emel Akdenizci's Home, TÃ¼rkiye, 41.0850872, 31.13883504
Kartal Balcone Pub, TÃ¼rkiye, 40.88915922, 29.18380439
datca aciklari, TÃ¼rkiye, 36.69065094, 27.68202209
GÃ¶kalp mahallesi, TÃ¼rkiye, 40.99319484, 28.90596375
Varuna Gezgin - Cafe Del Mundo Ä°zmir w/, TÃ¼rkiye, 38.4378181, 27.14301688
St. Louis County Government Center - North, United States, 38.78200262, -90.36158471
espaÃ§o camaÃ§ari 2000, Brasil, -12.70658199, -38.31564356
EdifÃ­cio IcaraÃ­, Brasil, -1.43395011, -48.47188597
PontifÃ­cia Universidade CatÃ³lica do Rio Grande do Sul (PUCRS) -, Brasil, -30.05739479, -51.17453098
Sistema Nacional DIF, MÃ©xico, 19.36653218, -99.15854235
Pehlivan LokantasÄ±, TÃ¼rkiye, 40.99049858, 29.02471359
Academia Eldorado Sport, Brasil, -5.11264396, -42.78307255
SÃ¼tiÅŸ w/, TÃ¼rkiye, 41.05009992, 29.05239944
SportFit Fitness Club w/, TÃ¼rkiye, 38.46754289, 27.09523559
Club InformaciÃ³n, EspaÃ±a, 38.3544302, -0.49834676
GÃ¼naltay, TÃ¼rkiye, 38.37249046, 27.1164819
E-5 Maltepe KÃ¶prÃ¼sÃ¼, TÃ¼rkiye, 40.93597134, 29.13854778
Centro Universitario de Ciencias de La Salud, MÃ©xico, 20.686492, -103.332318
Cafe Rebel w/, TÃ¼rkiye, 38.46122772, 27.21289068
Bertuzzi's House, Brasil, -24.85363599, -54.33031978
Charm City Run, United States, 39.43817837, -76.62468
Atakan KÃ¶ftecisi 1, TÃ¼rkiye, 41.73643666, 27.22024158
IKEA Brooklyn -, United States, 40.67168754, -74.01038647
ParkWest Center Office Park, United States, 34.71262024, -86.68367461
Wembi elnuzha w/, Kuwait, 29.34200353, 47.991694
Selamet iddaa w/, TÃ¼rkiye, 40.92661163, 29.13408657
Calle Restauracion, Dominican Republic, 19.4522806, -70.70255616
Pumpkin Park, TÃ¼rkiye, 36.89812026, 30.65290994
FerhuÅŸ, TÃ¼rkiye, 37.50931458, 36.97108908
CEI Pequeno Samuel, Brasil, -1.30277407, -47.9303894
Sam Ratulangi International Airport (MDC) -, Indonesia, 1.54358546, 124.92203951
Duru2 ApartmanÄ±, TÃ¼rkiye, 37.02800593, 37.325462
KÄ±smet Pide Salonu -, TÃ¼rkiye, 37.90401964, 28.32227712
Kokorecity, TÃ¼rkiye, 38.45975123, 27.20686712
akbulut apartmani, TÃ¼rkiye, 40.98705167, 29.15650875
Universidad AutÃ³noma de Occidente -, Colombia, 3.35368972, -76.52164993
Departamento de InformÃ¡tica â€”IFMA, Brasil, -2.53618734, -44.27823569
PaÅŸaalanÄ± Mahallesi, TÃ¼rkiye, 39.66579686, 27.90466095
Ã‡ukuraltÄ±, TÃ¼rkiye, 38.02051968, 27.0987115
Praline Ø¨Ø±Ø§Ù„ÙŠÙ†, Saudi Arabia, 24.7026117, 46.69169843
Liverpool Pub w/ 27 others, TÃ¼rkiye, 41.32860423, 36.29927665
Ordu-Giresun GÃ¼lyalÄ± HavaalanÄ±, TÃ¼rkiye, 40.96629333, 38.0755043
SalÃ£o de beleza essenza, Brasil, -25.29137962, -54.09198774
Medan Steamboat Luton Van, Malaysia, 1.46009375, 103.74567535
Ormanpark, TÃ¼rkiye, 40.75578493, 30.38613332
The Best MMA Fighter Home's, TÃ¼rkiye, 40.6133402, 27.11187427
Åu&amp;Si&amp;Zey Ã–grenci Evi :), TÃ¼rkiye, 40.50841869, 30.1647036
French Quarter Fest, United States, 29.9727404, -90.0736179
Simit SarayÄ± w/, null, 35.14708328, 33.90864944
Meteor Clipper, United Kingdom, 51.50629452, 0.00427448
GenÃ§tÃ¼rk home, TÃ¼rkiye, 38.46233356, 27.10882639
TuuÃ§e's home, TÃ¼rkiye, 38.37636754, 27.17941287
Biralem w/, TÃ¼rkiye, 39.42154415, 29.98734595
Escola de RedaÃ§Ã£o Rosiara AraÃºjo, Brasil, -7.08122, -41.467767
SÃ£o GregÃ³rio, Brasil, -30.99042372, -54.67255512
tuc's home, TÃ¼rkiye, 37.04014307, 35.30821171
Magagnin's House, Brasil, -30.15776422, -51.18468431
LÃ¼leburgaz Ã‡arÅŸÄ±, TÃ¼rkiye, 41.40480986, 27.3547416
TV 1860 FÃ¼rth e.V., Deutschland, 49.46438124, 10.95678171
Hangover -, TÃ¼rkiye, 39.77994354, 30.51378608
Ã‡elik's home, TÃ¼rkiye, 38.48122204, 28.14152607
Gamaya Yoga e Ayurveda, Brasil, -23.57081395, -46.63871351
Mado Semerkand, TÃ¼rkiye, 41.00563663, 28.65025593
KumbaÅŸÄ± w/, TÃ¼rkiye, 41.01795075, 37.83587576
KÄ±ztaÅŸÄ± w/ 4 others, TÃ¼rkiye, 41.01598139, 28.95025757
Kahve DuraÄŸÄ± -, TÃ¼rkiye, 40.98391621, 27.5555493
KayalÄ±k, TÃ¼rkiye, 36.85141171, 28.2761673
Faculdades Integradas do TapajÃ³s, Brasil, -2.43532071, -54.71129939
Casa de Yeya Mauque, Paraguay, -25.30755398, -57.60424518
Ã‡apa w/, TÃ¼rkiye, 41.01516107, 28.93120863
Åahin Tepesi w/, TÃ¼rkiye, 36.84438698, 28.24975286
AtatÃ¼rk Devlet Hastanesi Acil Servis, TÃ¼rkiye, 39.63632217, 27.88074857
SQUID Pvt. Ltd, Maldives, 4.17823351, 73.51364749
Mitsubishi Mont KÃ³ya Motors, Brasil, -25.08589505, -50.1786701
Delicatessen Pera, TÃ¼rkiye, 41.03055055, 28.9741479
Gazi Anadolu Lisesi Ogrenci Pansiyonu w/, TÃ¼rkiye, 37.22221267, 28.32826853
Blue Icon Technology, MÃ©xico, 18.99421122, -98.27754925
Raae Proquim, MÃ©xico, 20.96181781, -89.66153645
Tan Butik Dershanesi, TÃ¼rkiye, 40.22536741, 28.90626519
Instituto de CiÃªncias BiolÃ³gicas, Brasil, -1.4734351, -48.45786728
Åanal Cafe w/, TÃ¼rkiye, 41.45116517, 31.76374541
Bon Bife, Brasil, -10.89365853, -37.05583257
EscritÃ³rio Reunidos, Brasil, -28.64491153, -53.60125242
Guf baza, Ukraine, 50.48752976, 30.637058
YardÄ±mcÄ± Hanee, TÃ¼rkiye, 41.07820793, 28.99361504
zarahane, TÃ¼rkiye, 40.086323, 29.503996
Mado w/, TÃ¼rkiye, 41.01247221, 28.64334569
Olimpik Halisaha, TÃ¼rkiye, 37.05871445, 37.33424795
R&amp;R RTC, Malaysia, 4.49523242, 101.15506405
Union Ğ¡offee, Belarus, 53.89924743, 27.55642869
ZezÃ£o Loja Nova, Brasil, -3.71320954, -38.5886255
Radiografica Costarricense S.A. -, Costa Rica, 9.93632267, -84.07804888
Facultad de odontologia, UV, MÃ©xico, 19.16098403, -96.11096959
Baba OcaÄŸÄ±'nda, TÃ¼rkiye, 41.07820793, 28.99361504
Uyar's Home, TÃ¼rkiye, 36.08007828, 32.83665561
FERÄ°K HOME, TÃ¼rkiye, 40.79963766, 30.33066541
KYK  Ã‡iÄŸli Ã–ÄŸrenci Yurdu, TÃ¼rkiye, 38.5128143, 27.03883937
Vault 150, Russia, 55.94123792, 37.51563608
IF - Instituto Federal Farroupilha Campus Panambi, Brasil, -28.28079776, -53.51516215
KÃ¶fteci HÃ¼nkar w/, TÃ¼rkiye, 38.89327496, 27.7792906
Casa da Camila, Brasil, -27.63917249, -48.64390038
Butteco Caipira w/, Brasil, -23.20582951, -47.29576184
ÅAHÃN HOMES, TÃ¼rkiye, 41.09155026, 30.70057237
Yusuf Palace, TÃ¼rkiye, 41.03625107, 28.76288223
casa da gabi, Brasil, -26.10006809, -53.05126674
360i, United States, 40.7204694, -74.00421739
Ã‡iÃ§ek Izgara, TÃ¼rkiye, 41.04612617, 28.89686345
ÅadÄ±rvan Vitamin, TÃ¼rkiye, 39.64508114, 27.87989438
MuratlÄ± Ã‡arÅŸÄ± w/, TÃ¼rkiye, 41.17072202, 27.49701811
Zen mÃ¼zik w/, TÃ¼rkiye, 38.48051817, 28.14809993
McDonald's, Russia, 57.97818677, 56.18799806
Sosyal Bilimler Meslek YÃ¼ksek Okulu -, TÃ¼rkiye, 36.90453099, 30.67958036
Josh &amp; Jean w/, United States, 40.21054553, -88.36763926
Kocasinan Mahallesi w/, TÃ¼rkiye, 41.4057056, 27.35043779
Alanya Simit Sarayi w/, TÃ¼rkiye, 36.54356601, 32.00013427
ColÃ©gio Conhecer, Brasil, -26.992799, -48.638805
AydÄ±n otomotiv, TÃ¼rkiye, 37.571606, 36.94046
Ã–zel Ozan YÃ¼ksekÃ¶ÄŸrenim KÄ±z Ã–ÄŸrenci Yurdu, TÃ¼rkiye, 40.10346217, 26.40022227
Galeria AlandrÃ©, Brasil, -10.92156524, -37.05028809
Ä°DO GÃ¼zelyalÄ± Feribot Ä°skelesi -, TÃ¼rkiye, 40.35589785, 28.927356
Ã‡iÄŸkÃ¶fteci Ã–mer Usta w/, TÃ¼rkiye, 40.396112, 27.792033
Åirince KÃ¶yÃ¼, TÃ¼rkiye, 37.942947, 27.432981
R&amp;R Tapah - North Bound w/, Malaysia, 4.1781777, 101.29012585
Mapfre - Lideres, MÃ©xico, 19.4276586, -99.17030097
Aon Risk Solutions, TÃ¼rkiye, 41.03036089, 29.110562
cati 2 cafe w/, TÃ¼rkiye, 36.58906705, 36.16896259
Can malikÃ¢nesi, TÃ¼rkiye, 40.81693701, 29.4353441
Tosun's House, TÃ¼rkiye, 38.67249985, 34.73540305
Mecidiye Simit Plaza, TÃ¼rkiye, 41.28536386, 36.33135785
Ã¼vercin Ka bahÃ§e, TÃ¼rkiye, 40.99257243, 29.02881109
TatlÄ± KÃ¶ÅŸem w/, TÃ¼rkiye, 40.98569715, 29.02596474
Form, TÃ¼rkiye, 41.42817491, 27.09516068
Giresunspor Tesisleri w/, TÃ¼rkiye, 40.89808007, 38.43540781
C&amp;A -, Brasil, -30.02615096, -51.16234303
Good Coffee, Russia, 51.53221482, 46.03047937
Social Pub -, TÃ¼rkiye, 39.77911901, 30.51504672
Erenlerpark Evleri, TÃ¼rkiye, 40.75664793, 30.40111513
CUMHURÄ°YET KOLEJÄ°, TÃ¼rkiye, 41.0993177, 28.97804778
Meire &amp; Nando Dogs, Brasil, -23.53025246, -46.51636505
Topallioglu doviz ve altin tic.A.Å w/, TÃ¼rkiye, 40.99189587, 28.77926847
Marmaris BÃ¼fe, TÃ¼rkiye, 40.93116747, 29.3052472
Empyrean Benefit Solutions, Inc., United States, 29.68452103, -95.45682095
OrtakÃ¶y Sahili, TÃ¼rkiye, 41.04781835, 29.02681066
â€¢ Jovial Sevgi KuafÃ¶r â€¢, TÃ¼rkiye, 40.77533932, 30.40349
Giresun Lisesi w/ 3 others, TÃ¼rkiye, 40.91893341, 38.39289472
Hat DÃ¶ner, TÃ¼rkiye, 37.03720847, 35.31456609
SASHA'S Room, Ukraine, 48.0207433, 37.78662017
Ãgora Corretora, Brasil, -22.94467655, -43.18266885
Sisamex, MÃ©xico, 25.81656233, -100.29637218
ColÃ©gio Bom Jesus SÃ£o Miguel w/, Brasil, -29.40192706, -51.94729686
EskiÅŸehir ÅehirlerarasÄ± OtobÃ¼s Terminali w/, TÃ¼rkiye, 39.77569301, 30.55323601
Unamea - ConvÃªnio w/, Brasil, -1.44146982, -48.46307325
Univcity w/ 6 others, TÃ¼rkiye, 37.7511717, 29.1002582
BaÄŸdat's Home, TÃ¼rkiye, 37.20901871, 28.3743248
SÃ¶ke VIP Dershanesi, TÃ¼rkiye, 37.75354285, 27.40707981
Soekarno-Hatta International Airport (CGK) -, Indonesia, -6.12574839, 106.65647507
The Penthouse w/, Malaysia, 3.08083248, 101.60526276
Park Tepe, TÃ¼rkiye, 39.870589, 32.678389
Ğ¡Ñ‚Ğ°Ğ½Ñ†Ğ¸Ñ Â«Ğ˜Ğ½ÑÑ‚Ğ¸Ñ‚ÑƒÑ‚ ĞšÑƒĞ»ÑŒÑ‚ÑƒÑ€Ñ‹Â», Belarus, 53.88489912, 27.53841207
Instituto de EducaÃ§Ã£o Ivoti (IEI) -, Brasil, -29.6088331, -51.16130435
Gardenya Cafe w/, TÃ¼rkiye, 37.17133077, 38.80664021
J.K. CONTABILIDADE, Brasil, 0.03149099, -51.0544828
Boulevard BahÃ­a, MÃ©xico, 18.49283685, -88.29591751
Kardelen Meydani, TÃ¼rkiye, 40.73084342, 31.60017688
Simit SarayÄ± -, TÃ¼rkiye, 37.21598433, 28.36207509
Cafe Mistero w/, TÃ¼rkiye, 38.38964074, 27.15597578
KumbahÃ§e Sahili, TÃ¼rkiye, 37.0314047, 27.43818283
NescafÃ© Simit DÃ¼nyasÄ±, TÃ¼rkiye, 36.78244742, 34.58714475
Tia Pachi CafÃ© &amp; Resto, Paraguay, -25.39531013, -57.35082168
ĞÑÑ‚Ğ°Ğ½Ğ¾Ğ²ĞºĞ° Â«Ğ“Ğ¾Ñ€ÑĞ»ĞµĞºÑ‚Ñ€Ğ¾Ñ‚Ñ€Ğ°Ğ½ÑĞ¿Ğ¾Ñ€Ñ‚Â», Belarus, 52.46571366, 30.98388982
KarabÃ¼k Ãœniversitesi YDYO w/, TÃ¼rkiye, 41.20609473, 32.65943671
HocaoÄŸlu's Home w/, TÃ¼rkiye, 40.42861692, 29.15650875
Ä°ktisadi ve Ä°dari Bilimler KampÃ¼sÃ¼, TÃ¼rkiye, 38.61072645, 27.380769
MeÅŸhur Aspava, TÃ¼rkiye, 39.91133227, 32.77247822
Capare w/, TÃ¼rkiye, 40.9863204, 29.03108996
AtatÃ¼rk Kent MeydanÄ± w/ 4 others, TÃ¼rkiye, 37.84710966, 27.84388106
Residencial Granville, Brasil, -1.33867669, -48.41007233
H&amp;M w/, MagyarorszÃ¡g, 47.49647327, 19.05046463
BaltacÄ± Home, TÃ¼rkiye, 38.48184997, 27.10882639
AlÄ±s House, TÃ¼rkiye, 40.87740961, 35.22478375
Salih Usta Unlu GÄ±da w/, TÃ¼rkiye, 41.34541941, 36.2479198
Ã‡atal mahallesi, TÃ¼rkiye, 41.00505724, 38.81990088
http://t.co/oBJUUROLSt&amp;BrittanyBitch's Place, United States, 42.01016211, -88.23151295
MecidiyekÃ¶y w/, TÃ¼rkiye, 41.06645792, 28.99558067
Bykusch w/, TÃ¼rkiye, 38.38814053, 27.16538425
Cafe CÄ±ne w/, TÃ¼rkiye, 40.76440137, 29.92356161
Enes's home, TÃ¼rkiye, 36.7440635, 34.52514403
Ä°ktisadi ve Ä°dari Bilimler FakÃ¼ltesi, TÃ¼rkiye, 39.93438774, 32.82813549
Steamboat and Western Food, Malaysia, 4.21237157, 100.63926231
North Cape Cafe, TÃ¼rkiye, 38.28472826, 26.37534442
Facultad de Odontologia Pierre Fauchard w/, Paraguay, -25.2810335, -57.64247984
Dalbudak Plaza Sanayi, TÃ¼rkiye, 40.99308631, 28.63669722
Gazi Ãœniversitesi Fen Edebiyat FakÃ¼ltesi, TÃ¼rkiye, 39.94241332, 32.82337166
ViÅŸnelik Pota, TÃ¼rkiye, 39.76647919, 30.50452209
Fom - Casa Basica, Brasil, -23.52053728, -46.64683818
sineK w/, TÃ¼rkiye, 41.00463778, 39.72815037
KarÅŸÄ±yaka Ã‡arÅŸÄ±, TÃ¼rkiye, 38.45642849, 27.11794853
KÃ¼ltÃ¼r Dershanesi w/ 2 others, TÃ¼rkiye, 40.76355828, 29.92691645
Fitotecnia UFSM, Brasil, -29.72288985, -53.72055956
Kerim's Home, TÃ¼rkiye, 37.35943932, 27.27349015
Gaziantep Ãœniversitesi -, TÃ¼rkiye, 37.03698226, 37.31646612
AgÃªncia Purple Cow, Brasil, -23.55558845, -46.6879034
Black Olive Cerveceria w/ 4 others, Republic of the Philippines, 14.5747455, 121.06288303
Ø­ÙŠ ØºØ±Ù†Ø§Ø·Ø© w/ 2 others, Saudi Arabia, 26.42165454, 50.07969032
GOH Palace, India, 12.30542794, 76.60083341
Yildirim Cuma Pazari, TÃ¼rkiye, 41.06819072, 28.89304116
Ozel Bati Anadolu Tip Merkezi Mavisehir, TÃ¼rkiye, 38.477583, 27.071406
Jarir Bookstore | Ù…ÙƒØªØ¨Ø© Ø¬Ø±ÙŠØ± w/, Saudi Arabia, 25.39748772, 49.56068496
88.Yil Cumhuriyet Anadolu Lisesi, TÃ¼rkiye, 41.00143617, 39.72755175
Parada da DORE, Brasil, -5.89302829, -35.26836705
Spa Manos CC Costa Azul, Venezuela, Bolivarian Republic Of, 11.41285817, -69.66355363
Ã–zel Sobe KreÅŸ, TÃ¼rkiye, 39.74675444, 37.01016879
Birey Dershanesi, TÃ¼rkiye, 41.00675377, 28.6548645
FÄ±ndÄ±kzade, TÃ¼rkiye, 41.00963318, 28.9377737
AtÄ±lgan Sitesi, TÃ¼rkiye, 40.17880581, 29.07842706
Er's home, TÃ¼rkiye, 41.28037152, 28.00104214
UÃ§an Ev, TÃ¼rkiye, 41.03507972, 28.98221474
Yds Academy LYS-5 w/ 5 others, TÃ¼rkiye, 39.649261, 27.891298
Jubail High Way ğŸš™, Saudi Arabia, 27.02835676, 49.63346627
Ä°ktisadi ve Ä°dari Bilimler FakÃ¼ltesi -, TÃ¼rkiye, 41.45056737, 31.76040173
AtatÃ¼rk YÃ¼zme Havuzu w/, TÃ¼rkiye, 38.43384172, 27.14933559
PES CAFE w/, TÃ¼rkiye, 40.98142078, 28.72298241
Åirinyer w/, TÃ¼rkiye, 38.39202709, 27.15167999
Ay Gida, TÃ¼rkiye, 40.99272375, 39.6626733
PT. Persib Bandung Bermartabat -, Indonesia, -6.89962967, 107.61012526
Burhaniye Otogar w/, TÃ¼rkiye, 39.50419895, 26.98306054
Pehlivan Tel Sanayi, TÃ¼rkiye, 40.1446416, 26.41070639
Seratonin Cafe, TÃ¼rkiye, 41.02744293, 29.03426933
elif inÅŸaat ofis, TÃ¼rkiye, 41.10762812, 28.86158338
HacÄ± SÃ¼leyman HÃ¼sman ApartmanÄ±, TÃ¼rkiye, 41.73077393, 27.21816254
Castelo's house, Brasil, -28.86504876, -51.27889207
YenigÃ¼n Mahallesi, TÃ¼rkiye, 38.37752067, 27.16413785
American Time Language Schools, TÃ¼rkiye, 36.78327014, 34.58830166
Coffeemania Garden w/, TÃ¼rkiye, 38.45921685, 27.09214991
Ğ¢Ğ¦ Â«ĞĞ²Ñ€Ğ¾Ñ€Ğ° ĞŸĞ°Ñ€ĞºÂ», Russia, 56.85940064, 53.2226516
Animalissimo inc, Canada, 45.50028002, -73.41987241
UkÃ¼ HazÄ±rlÄ±k BinasÄ±, null, 35.22145361, 33.41762653
Virane Vintage -, TÃ¼rkiye, 38.72498664, 35.51278638
KÄ±rklareli Ãœniversitesi KavaklÄ± YerleÅŸkesi w/, TÃ¼rkiye, 41.63889144, 27.18585968
Cafe Puzzle w/, TÃ¼rkiye, 40.91694955, 38.3864462
Cafe TALI'S, TÃ¼rkiye, 40.76138744, 30.36241889
Vizyon Dershanesi, TÃ¼rkiye, 40.77620875, 30.40441855
Sakarya Ä°lÃ§e DuraklarÄ±, TÃ¼rkiye, 40.77123771, 30.39214989
AtakÃ¶y 9. KÄ±sÄ±m, TÃ¼rkiye, 40.99025849, 28.84515229
BayÄ±ndÄ±rlÄ±k KalÄ±cÄ± KonutlarÄ±, TÃ¼rkiye, 40.80286259, 29.96585369
â˜…Sweet houseâ˜…, Russia, 58.00363031, 56.30148516
La Castilla de DoÃ±a Kierati, Thailand, 14.06532355, 100.60568735
Åakir'in Yeri, TÃ¼rkiye, 40.14910631, 26.39989374
KarataÅŸ KampÃ¼s w/, TÃ¼rkiye, 36.71783404, 37.12346412
Odin Cafe w/, TÃ¼rkiye, 40.77698141, 30.39495828
Tepecik Stadyumu, TÃ¼rkiye, 41.03678426, 28.55263076
korkmaz sÃ¼nnet kliniÄŸi, TÃ¼rkiye, 41.0484314, 28.93181038
Ã–zel Dorm KÄ±z Ã–ÄŸrenci Yurdu, TÃ¼rkiye, 41.05382166, 28.98277753
Juh &amp; Mara - House, Brasil, -3.74787489, -38.50075974
TÃ¼v GÃ¶lcÃ¼k, TÃ¼rkiye, 40.70521732, 29.86543753
Downtown Danau w/ 2 others, Malaysia, 3.21007901, 101.71998202
Rua SuÃ©cia, Brasil, -19.840446, -43.188575
DÃ¼ÅŸler Kahvesi w/, TÃ¼rkiye, 38.61458206, 27.43099785
Quick! food &amp; more -, MÃ©xico, 21.16104103, -101.69567585
A+fitness health&amp;slim club w/, TÃ¼rkiye, 41.07261575, 28.68212581
Atakum Sahil w/, TÃ¼rkiye, 41.33073002, 36.28262729
Beden EÄŸitimi ve Spor YÃ¼ksekokulu, TÃ¼rkiye, 38.45887645, 27.22353168
Kabasakal Malikanesi, TÃ¼rkiye, 40.78297693, 30.39949843
Plaza Punto SÃ£o Paulo -, MÃ©xico, 20.70233008, -103.37636948
CLIMEP - ClÃ­nica de Medicina Preventiva do ParÃ¡, Brasil, -1.45471819, -48.48800236
Merkez KÃ¼tÃ¼phane -, TÃ¼rkiye, 40.99154206, 28.79592271
Melemenci DayÄ±, TÃ¼rkiye, 41.10133362, 36.10982895
Up MÃ³veis Planejados, Brasil, -22.72888947, -47.65300369
Olympia Fitness w/ 2 others, TÃ¼rkiye, 38.48435744, 28.14440877
Dream Gym w/ 4 others, TÃ¼rkiye, 39.93046673, 32.87380451
Zafer Plaza w/, TÃ¼rkiye, 40.18706282, 29.05947921
Binho's home, Brasil, -23.39852436, -51.96330789
Sempre Bella, Brasil, 0.022204, -51.059096
BeyoÄŸlu Cafe, TÃ¼rkiye, 37.02867483, 35.31417482
FĞ¼'s Home, TÃ¼rkiye, 36.91231082, 30.64875077
Tombul DÃ¼rÃ¼mcÃ¼, TÃ¼rkiye, 41.02511964, 40.51861412
Con Sue Photography And Design, United States, 31.1265382, -97.68217351
KÃ¶yÃ¼m Lara, TÃ¼rkiye, 36.86783368, 30.72386127
Barronio's House, Brasil, -29.23484603, -51.87869335
Be Cool w/, TÃ¼rkiye, 40.99092884, 28.79625281
DHCS / CDPH - Bldg 173, United States, 38.57458095, -121.48563731
AyÅŸekadÄ±n, TÃ¼rkiye, 41.66958887, 26.56659282
Norse Fitness Flatofis, TÃ¼rkiye, 41.03723233, 28.93210142
Batuhan's Home, TÃ¼rkiye, 41.03649934, 28.80723987
Seray's Home, TÃ¼rkiye, 40.98677384, 27.55545472
ArkaPlan Sanat Galerisi w/, TÃ¼rkiye, 40.7774206, 30.39344434
Girne w/ 2 others, null, 35.32685274, 33.32055438
Estewell Sports w/, TÃ¼rkiye, 37.76101101, 29.04905263
Zombar, TÃ¼rkiye, 40.76237723, 29.92472508
Refrigeracion y maquinaria del sur, MÃ©xico, 19.2837494, -99.23261525
Sinyal Surucu Kursu w/, TÃ¼rkiye, 36.89678238, 30.69191119
kahramanlar oto lastik, TÃ¼rkiye, 37.79521371, 29.08752801
Karayel Etut Merkezi, TÃ¼rkiye, 38.45825673, 27.11822841
SN Fitness Center Studio Pilates, TÃ¼rkiye, 41.00803016, 39.73036051
Sarayburnu Ã‡ay BahÃ§esi, TÃ¼rkiye, 41.01756207, 28.98559143
haylaz cafe, TÃ¼rkiye, 36.8931588, 30.65890833
Toca Do Rato, Brasil, -16.03828508, -48.06285262
Ä°Ãœ Merkez KÃ¼tÃ¼phanesi -, TÃ¼rkiye, 41.00989225, 28.96209061
KeÃ§iÃ¶ren lisesi halÄ±saha, TÃ¼rkiye, 39.99208984, 32.86137342
DIPUSA, Peru, -12.0718584, -77.04423831
Alparslan TÃ¼rkeÅŸ ParkÄ±, TÃ¼rkiye, 41.46316311, 34.78248674
Mali's Corner Taman Bunga Raya Setapak w/, Malaysia, 3.21236696, 101.72875689
Rainha da Buchada, Brasil, -6.13217503, -39.87622087
DEU School of Foreign Languages w/, TÃ¼rkiye, 38.38574572, 27.18049549
Akasya AcÄ±badem -, TÃ¼rkiye, 41.00082418, 29.05398846
Magedanz's Home, Brasil, -29.22495551, -51.87869335
Nigga's House, Brasil, -15.81836281, -48.06547065
Selimiye Mahallesi w/, TÃ¼rkiye, 40.98140988, 37.87429342
Kran Mah Togay Kirathanesi, TÃ¼rkiye, 40.984875, 30.73853
TOKÄ° Urla KonutlarÄ±, TÃ¼rkiye, 38.33080588, 26.74737465
ÅŸirinkÃ¶y 31. Ada, TÃ¼rkiye, 40.69871201, 29.81256281
EtÃ§i Mehmet Steakhouse w/, TÃ¼rkiye, 40.99763371, 28.84255775
Galanima Restoran &amp; BahÃ§e w/, TÃ¼rkiye, 41.01485866, 39.6037102
House Burger Paulista, Brasil, -23.529963, -46.641284
H.VisÃ£o, Brasil, -8.06489994, -34.89682583
TEZA BiliÅŸim Teknoloji -, TÃ¼rkiye, 40.7646666, 29.93339434
Bluesky Hotel Balikpapan, Indonesia, -1.23825129, 116.82719951
BakÃ¼ Adliyesi, TÃ¼rkiye, 39.91929059, 32.81877158
ilkadim Atletizm Sahasi w/, TÃ¼rkiye, 41.30905804, 36.33526276
Kahve DÃ¼nyasÄ± -, TÃ¼rkiye, 40.90875595, 29.31545749
Ø¥Ø´Ø§Ø±Ø© Ù„ÙƒØ²Ø³ Lexus Signal w/, Saudi Arabia, 26.30793925, 50.1758907
ResidÃªncia Maia, Brasil, -25.29577391, -54.11203584
Ä°hlas Armutlu Tatil KÃ¶yÃ¼ Offical, TÃ¼rkiye, 40.51856305, 28.79484132
Residencia da Familia Pantoja, Brasil, -12.96836786, -39.2635229
aÃ§ai villa roxa, Brasil, -26.2705145, -48.81748407
CafeMizz... w/, TÃ¼rkiye, 39.64640624, 27.88351248
Martina's, Brasil, -28.84888484, -51.28936803
Power Club Spor Salonu w/ 4 others, TÃ¼rkiye, 40.99140066, 28.90390485
TaÅŸkÄ±n's Home, TÃ¼rkiye, 40.79443017, 30.73970009
KÄ±zÄ±lay, TÃ¼rkiye, 39.92076304, 32.85409927
Universal Fitness w/ 2 others, TÃ¼rkiye, 40.97799562, 29.11986549
Vip Bistro DÃ¶ner Evi &amp; Salad Bar, TÃ¼rkiye, 39.07309015, 26.8911866
Quiznos, Brasil, -25.45234427, -49.28976004
Sebatibey Restorant&amp;Cafe w/, TÃ¼rkiye, 39.75222517, 37.01287998
KÄ±rÄ±ntÄ±, TÃ¼rkiye, 41.07555805, 29.04298067
KeÅŸan AtatÃ¼rk StadÄ±, TÃ¼rkiye, 40.84355126, 26.62858162
aykar kÄ±z Ã¶ÄŸrenci yurdu, TÃ¼rkiye, 40.77444811, 30.40291429
Pumpkin Park, TÃ¼rkiye, 36.89812026, 30.65290994
Cizre's Home, TÃ¼rkiye, 37.92039235, 40.22513121
Hotel balneÃ¡rio, Brasil, -11.03275585, -38.79306793
Romanella Grill, Brasil, -23.00958039, -43.44890999
Potalar Havuz, TÃ¼rkiye, 39.64054971, 27.88922899
sÃ¶ÄŸÃ¼t'Ã¼n kahve, TÃ¼rkiye, 39.42247391, 29.98782921
TanÄ±l home, TÃ¼rkiye, 38.60959996, 27.41452319
Saleh shehab Restort, Kuwait, 28.88074497, 48.28340903
Klub Osiedlowy Blaszak, Polska, 51.74901026, 18.07496219
AkÃ§ay, TÃ¼rkiye, 39.583478, 26.923552
Ming Tien Food Court, Malaysia, 3.11431246, 101.61171198
DEMHAB, Brasil, -30.04589902, -51.20268269
YeÅŸil Vadi Sitesi Ã–ZÄ°Ã‡ MalikÃ¢nesi, TÃ¼rkiye, 41.31519688, 36.31224736
Yalova Sahil w/, TÃ¼rkiye, 40.65723606, 29.26244169
orkide Ã§iÃ§ek evi, TÃ¼rkiye, 40.26870757, 29.65214303
SÄ“rene, Latvija, 56.57973942, 25.20317893
KEÅFin DuraÄŸÄ±, TÃ¼rkiye, 40.79443017, 30.73970009
Adanali KÃ¶z Kebap &amp; Baklava, TÃ¼rkiye, 40.9252739, 29.13292313
Berfin's Home, TÃ¼rkiye, 41.4333724, 31.7281886
polat market ÅŸemsiye alti, TÃ¼rkiye, 38.63543261, 34.73582131
Ã–zsÃ¼t, TÃ¼rkiye, 41.00940024, 28.65853872
Trakya Restaurant 1946, TÃ¼rkiye, 39.78371803, 30.50092321
Prodinsa, Chile, -33.53573125, -70.76038449
Ege Ã‡Ã¶p ÅiÅŸ Gebze, TÃ¼rkiye, 40.78875115, 29.41770846
YeÅŸilkent, TÃ¼rkiye, 39.412043, 30.003641
GÃ¶nÃ¼l Kahvesi w/, TÃ¼rkiye, 40.22628024, 27.24787646
Big Yellow Taxi - Benzin Cafe w/, TÃ¼rkiye, 37.04350486, 35.31066401
Sartor's House -, Brasil, -29.83743255, -51.16376782
Kipa Sarar, TÃ¼rkiye, 41.65534372, 26.58626705
Derbent w/ 3 others, TÃ¼rkiye, 40.70549818, 30.10132745
Kekik Cafe w/, TÃ¼rkiye, 40.98808795, 29.02836214
Belgin's, TÃ¼rkiye, 39.95491921, 32.73507711
Douceur CrÃ©ole, null, 14.6177067, -61.101983
Igreja SÃ£o Caetano Da Divina Providencia, Brasil, -12.93440047, -38.47643718
SÃ£o Bento, Brasil, -23.62958919, -46.73252444
KÄ±rkaÄŸaÃ§ GarÄ±, TÃ¼rkiye, 39.14470636, 27.69001007
AlJutaili residence, Kuwait, 29.3424937, 47.76868887
YeniÃ§amlÄ±k w/, TÃ¼rkiye, 38.37914701, 27.11644168
Little House H.Maryono, Indonesia, -3.41729469, 104.25703643
Ä°Ã§ Hatlar Terminali | Domestic Terminal, TÃ¼rkiye, 36.98556478, 35.29702133
Snoopy Pizza &amp; Chicken, TÃ¼rkiye, 40.72194171, 29.78399211
Mapel MÃ¡quinas, Brasil, -19.50600188, -42.57024436
Universidade do Estado da Bahia - Campus XIX, Brasil, -12.67966129, -38.35757309
Java detour Coffee &amp; Tea Bar, Kuwait, 29.3611267, 47.96695747
Ã‡omaklÄ± KÃ¶y Kahvehanesi, TÃ¼rkiye, 40.0443802, 27.1382375
Merve Home, TÃ¼rkiye, 41.40105515, 27.37764199
SENAI - ServiÃ§o nacional de aprendizagem industrial, Brasil, 0.03554683, -51.06762952
Yivli Cafe w/, TÃ¼rkiye, 36.88622775, 30.70477979
FETTI w/, æ—¥æœ¬, 35.662542, 139.734985
Pooria's home, TÃ¼rkiye, 36.48801062, 32.10078666
KadÄ±kÃ¶y Sahili -, TÃ¼rkiye, 40.99195639, 29.02350876
Auto Escola LP, Brasil, -27.17319269, -51.50672573
Antalya ÅehirlerarasÄ± OtobÃ¼s Terminali, TÃ¼rkiye, 36.92218727, 30.6654905
KomÅŸufÄ±rÄ±n -, TÃ¼rkiye, 40.92713506, 29.12314827
A Plus Spor Center, TÃ¼rkiye, 37.78515697, 30.54253476
Salao Fernada Fernandes, Brasil, -30.0820012, -51.21472527
Nazilli w/, TÃ¼rkiye, 37.91142972, 28.32550049
demirbaÅŸ MalikÃ¢nesi, TÃ¼rkiye, 40.19797143, 29.07508366
Minha Casa w/, Brasil, -3.91317963, -40.74119984
InÄukalna velnala / Devil's Cave, Latvija, 57.12624898, 24.63838317
Irish Coffee w/, TÃ¼rkiye, 39.42420121, 29.98962664
UFF-PURO, Brasil, -22.50357199, -41.92365144
Åifa Mahallesi -, TÃ¼rkiye, 40.83004586, 29.35418776
Ã‡inili Kahve w/, TÃ¼rkiye, 40.98896831, 29.02458856
Siyah Ä°nci, TÃ¼rkiye, 39.43534581, 29.99562737
BIGZZ w/, Belarus, 53.96414002, 27.62383461
Mars Sport Center, TÃ¼rkiye, 40.68147672, 30.62123954
Maria Vaidosa, Brasil, -29.54806328, -51.4082489
Academia EstaÃ§Ã£o Azul, Brasil, -26.91093445, -48.6585331
Big Yellow Taxi Benzin, TÃ¼rkiye, 36.85067173, 30.76152164
Lawyat Comsat, Malaysia, 3.14333539, 101.71096324
PANÃ‡UNÄ° Cafe&amp;Bar w/, TÃ¼rkiye, 41.1073387, 28.89421857
BesyÃ¼zevler, TÃ¼rkiye, 41.07418285, 28.89416738
BalÄ±kÃ§Ä± Abdurahman Ã–z'Ã¼n Yeri w/, TÃ¼rkiye, 37.54210038, 28.06506438
SÃ¼ha home's, TÃ¼rkiye, 40.74047846, 31.60158551
BeÅŸiktaÅŸ Ã‡arÅŸÄ±, TÃ¼rkiye, 41.04356259, 29.00434948
Seguros Segesa, Paraguay, -25.28136322, -57.56043391
YakacÄ±k Country VillalarÄ±, TÃ¼rkiye, 40.91366948, 29.22029302
Energy Chicken w/, TÃ¼rkiye, 36.781816, 34.587423
"Bamba Leo" Cafe -, Latvija, 56.82258447, 24.23051834
Valente Cafe w/, TÃ¼rkiye, 40.76481737, 29.92693904
Konak Subay Orduevi w/, TÃ¼rkiye, 38.4156097, 27.12495003
Hamitutku Sitesi, TÃ¼rkiye, 36.90612825, 30.72395108
Bisiklet Kurye (Acibadem Ofis) -, TÃ¼rkiye, 40.99922, 29.043038
Ã–zsÃ¼t -, TÃ¼rkiye, 41.03613406, 28.98444414
Palmiye Ä°sdemir, TÃ¼rkiye, 36.71433035, 36.20656585
Åahin Malikanesi, TÃ¼rkiye, 41.02720542, 37.57285955
Pakt Plus AVM, TÃ¼rkiye, 40.22599725, 27.24764106
Sempre Cafe &amp; Bistro w/, TÃ¼rkiye, 41.01137675, 28.86616876
Ã–zel Esayan Ermeni Ä°lkoÄŸretim Okulu ve Lisesi w/, TÃ¼rkiye, 41.03513328, 28.98394289
Åahinler Aile Ã‡ay BahÃ§esi, TÃ¼rkiye, 40.59966977, 33.61716162
Karainci Kahve, TÃ¼rkiye, 42.022831, 35.1547895
GÃ¶nÃ¼l Kahvesi -, TÃ¼rkiye, 41.01476952, 28.87799
Daphne Cafe&amp;Bar w/, TÃ¼rkiye, 39.91871651, 32.85616111
Saade Coffee &amp; Tea, TÃ¼rkiye, 40.72868689, 31.60178858
BKM Erkek Ã–ÄŸrenci Evi, TÃ¼rkiye, 40.76801763, 30.3961514
MeÅŸhur Ã‡eÅŸme Kumru &amp; SandviÃ§ w/, TÃ¼rkiye, 38.61398187, 27.4298938
Ã‡ekmekÃ¶y, TÃ¼rkiye, 41.02605748, 29.17929662
Correntable's Home, Italia, 41.80160762, 12.60439958
BostancÄ± Sahili, TÃ¼rkiye, 40.95328819, 29.09582747
IHOP, Kuwait, 29.32176946, 48.01674197
Vural's Home, TÃ¼rkiye, 40.14977586, 26.41348728
Coffeemania Garden w/ 70 others, TÃ¼rkiye, 38.45921685, 27.09214991
DMSBOX Grupo de ComunicaÃ§Ã£o, Brasil, -25.42194221, -49.26736945
KaraaÄŸaÃ§ Mikado, TÃ¼rkiye, 36.5750651, 36.13628013
The Coffee Home, TÃ¼rkiye, 41.28058812, 36.34415746
Starbucks | Ø³ØªØ§Ø±Ø¨ÙƒØ³ w/, Kuwait, 29.32859967, 47.98138261
GÃ¼llÃ¼oÄŸlu, TÃ¼rkiye, 41.01447821, 28.9442304
liberte Cay Evi w/ 15 others, TÃ¼rkiye, 37.91507341, 28.3272373
Aytemiz Emircanlar Petrol Oto YÄ±kama, TÃ¼rkiye, 38.43778229, 27.16816711
GÃ¼ltekin KonaklarÄ±, TÃ¼rkiye, 38.478427, 27.11705641
Ø§Ù„ØµØ§Ù„Ù‡ - Ù…Ù†ØªØ²Ù‡ Ø§Ù„Ø®ÙŠØ±Ø§Ù† w/ 3 others, null, 28.6632665, 48.38743264
CAPA, MÃ©xico, 18.50223814, -88.29722643
pekmutlu '  s home -, TÃ¼rkiye, 41.0660768, 28.97033036
Dumaner's Home, TÃ¼rkiye, 38.40375077, 27.10882639
Cafe'de Mes's, TÃ¼rkiye, 40.99277649, 28.84509539
KÃ¼Ã§Ã¼kpark w/, TÃ¼rkiye, 38.45979743, 27.21274853
Ã‡akarkeyf w/, TÃ¼rkiye, 37.21821228, 28.36439695
Bistro PERON w/, TÃ¼rkiye, 41.32890233, 36.29860831
Max Gym Fitness Studio -, TÃ¼rkiye, 40.97139646, 29.09477657
Ã‡ay boyu w/ 5 others, TÃ¼rkiye, 37.75912725, 30.55697559
Sanat w/, TÃ¼rkiye, 41.03492824, 28.97769034
Mira Cafe &amp; Bar w/, TÃ¼rkiye, 37.0248803, 35.31396578
UÃœ TÄ±p FakÃ¼ltesi Hastanesi, TÃ¼rkiye, 40.22001076, 28.87138367
Wishes Terrace w/ 6 others, TÃ¼rkiye, 39.86733279, 32.67793603
CafÃ© da Dona Chiquinha, Brasil, -4.17297673, -38.4635036
Island Personal Offices, Brasil, -23.00245699, -43.33801644
omw to 360 mall, Kuwait, 29.33182491, 47.96789063
AydÄ±n w/, TÃ¼rkiye, 37.84327477, 27.84012794
Starbucks Coffee w/, Kuwait, 29.34071793, 47.9981859
Osman UstaoÄŸlu Malikanesi, TÃ¼rkiye, 40.98716631, 28.78392739
Åirinyer w/, TÃ¼rkiye, 38.39202709, 27.15167999
Nadir Usta'nÄ±n Yeri, TÃ¼rkiye, 37.055464, 28.337332
GOGOL' PUB, Russia, 51.61278605, 46.01569354
SaritaÅŸ Residence w/, TÃ¼rkiye, 38.46880043, 27.2445177
BahÃ§e Cafe w/ 5 others, TÃ¼rkiye, 41.06605844, 28.9721695
horzumoglu akaryakÄ±t ve TarÄ±m ÃœrÃ¼nleri, TÃ¼rkiye, 38.36405563, 28.5182476
Kale Askeri Gazinosu, TÃ¼rkiye, 40.91998786, 38.38605307
GÃœNEÅPARK DÄ°NLENME TESÄ°SLERÄ°, TÃ¼rkiye, 40.77069435, 32.03617573
Akm Teras w/ 7 others, TÃ¼rkiye, 40.77720435, 30.40161037
Jester's Casa, United States, 43.59653695, -116.56620693
Fabel, Brasil, -1.44869934, -48.49264975
MÃ£e Do Sheriff, Brasil, -20.42639794, -54.60401211
Ä°skele Marin, TÃ¼rkiye, 36.77159674, 34.57131413
PlaÅ¼a WilanÃ³w, Polska, 52.16556618, 21.08264085
Casa Fam.Chinchilla Corella, Costa Rica, 10.37306276, -84.33842898
Åato Cafe &amp; Restaurant -, TÃ¼rkiye, 40.9279918, 29.12238154
DeÄŸirmenaltÄ± w/, TÃ¼rkiye, 40.98655163, 27.57902212
CanÃ§Ã£o Nova, Brasil, -8.19711824, -35.58187619
FCA UAEMex, CU, MÃ©xico, 19.28267153, -99.6796006
Ã–zel Ã‡amlÄ±ca Erdem Hastanesi, TÃ¼rkiye, 41.02517696, 29.08231861
Leman KÃ¼ltÃ¼r -, TÃ¼rkiye, 40.66062511, 29.27778937
AÅTÄ° w/, TÃ¼rkiye, 39.91812993, 32.81302929
Efgalitto Botanik Garden Cafe w/, null, 35.1410725, 32.83097923
KarÅŸÄ±yaka w/ 3 others, TÃ¼rkiye, 36.91486827, 30.70017599
SÃ¶ke Ã‡arÅŸÄ±, TÃ¼rkiye, 37.75225821, 27.40599632
Nazar TÃ¼rkÃ¼ Bar, TÃ¼rkiye, 36.317456, 33.876358
Tarsus Tren Ä°stasyonu, TÃ¼rkiye, 36.92090459, 34.88542677
BalÄ±kesir Toplu TaÅŸÄ±ma Merkezi, TÃ¼rkiye, 39.64846014, 27.88806739
Aden Simit w/, TÃ¼rkiye, 39.78399669, 30.51071869
Select etoa meki, Cameroon, 3.88264583, 11.52369278
CCF S Building -, United States, 41.50275583, -81.62210239
Ã–zsÃ¼t w/, TÃ¼rkiye, 40.73142534, 31.59953054
Can YÃ¼cel ParkÄ± w/, TÃ¼rkiye, 40.91547604, 38.33090125
Casaba w/, TÃ¼rkiye, 37.04125368, 35.31619549
Coral Beach | ÙƒÙˆØ±Ø§Ù„ Ø¨ÙŠØªØ´ w/, Saudi Arabia, 21.73067661, 39.11087197
Pamir Kafe w/, TÃ¼rkiye, 37.74401956, 29.09588427
Mado w/, TÃ¼rkiye, 41.07935115, 29.03223038
haylaz cafe w/, TÃ¼rkiye, 36.8931588, 30.65890833
KarabaÄŸlar, TÃ¼rkiye, 38.37688922, 27.13485718
Knocknarea Arena IT Sligo, Ireland, 54.27920743, -8.46560955
Power Club Spor Salonu w/ 6 others, TÃ¼rkiye, 40.99140066, 28.90390485
Rumi KokoreÃ§ &amp; Kebap &amp; KÃ¶fte, TÃ¼rkiye, 37.84955908, 27.84325719
TataroÄŸlu Malikanesi w/, TÃ¼rkiye, 41.02363929, 40.54475605
KomÅŸufÄ±rÄ±n -, TÃ¼rkiye, 41.01248364, 28.62604885
Zeytinburnu Metro Ä°stasyonu, TÃ¼rkiye, 41.00173104, 28.8899821
GÃ¶kkuÅŸaÄŸÄ± w/, TÃ¼rkiye, 38.022209, 32.513507
SarayÃ¶nÃ¼ Ã‡ay BahÃ§esi w/, TÃ¼rkiye, 40.18829264, 29.0531097
MuÄŸla Ãœniversitesi Milas Sitki KoÃ§man Myo w/ 7 others, TÃ¼rkiye, 37.28373359, 27.77913028
NiÅŸantaÅŸÄ± Ãœniversitesi -, TÃ¼rkiye, 41.0395766, 28.91228246
Fucherus House, Venezuela, Bolivarian Republic Of, 10.50614356, -66.95710262
konya merkez, TÃ¼rkiye, 38.48122204, 28.14152607
Yasmin Cafe w/, TÃ¼rkiye, 38.21932911, 27.64715423
Cabecera Marketing y ComunicaciÃ³n, EspaÃ±a, 40.43938525, -3.6932559
KoÃ§taÅŸ, TÃ¼rkiye, 40.993652, 28.833736
Faculdades Integradas de Patos (FIP) w/, Brasil, -7.02042971, -37.27900922
Dilek Et KÃ¶fte, TÃ¼rkiye, 38.45946358, 27.17783057
SalÃ£o Vermelho - UVA, Brasil, -22.91181244, -43.22150832
Valley Coffee Shake - Yala Towers, Kenya, -1.28312957, 36.8187294
Advocacia Bellinati Perez - Batel w/ 3 others, Brasil, -25.44121519, -49.27813545
Mira Cafe &amp; Restaurant w/, TÃ¼rkiye, 41.21731043, 32.66260941
Nasi Uduk Anyen, Indonesia, 5.56173864, 95.32189919
VisÃ£o Mundial w/, Brasil, -8.0651591, -34.87826656
casa malandra, MÃ©xico, 20.73744965, -103.40922546
Sakarya Ãœniversitesi Fen - Edebiyat FakÃ¼ltesi Yeni Bina w/ 22 others, TÃ¼rkiye, 40.74351781, 30.33462364
Turgutreis Sahil, TÃ¼rkiye, 37.27088799, 27.75628375
TIRTHA, æ—¥æœ¬, 35.46458046, 139.61681396
KoÃ§taÅŸ, TÃ¼rkiye, 41.007973, 28.656431
Sport Center w/ 3 others, TÃ¼rkiye, 36.07492605, 32.83394278
Ormeci's home, TÃ¼rkiye, 38.40081789, 27.12059249
KÄ±rÄ±ntÄ± w/, TÃ¼rkiye, 41.07555805, 29.04298067
Yeelim's ì§‘ğŸ âœŒï¸, Malaysia, 3.67329259, 101.5191225
Burger King w/, TÃ¼rkiye, 40.14259558, 29.97945358
Pati Cafe -, TÃ¼rkiye, 40.76210153, 29.92396261
Mahmut Nedim ZabcÄ± KÄ±z Yurdu w/, TÃ¼rkiye, 39.92173971, 32.87244998
Apollo Bramwell Hospital, Mauritius, -20.23280919, 57.50350295
Amy's Residence, Malaysia, 3.06857707, 101.63284348
Ä°zmir Ä°tfaiye Daire BaÅŸkanlÄ±ÄŸÄ± w/ 2 others, TÃ¼rkiye, 38.42292798, 27.15358625
COGEP - MT, Brasil, -15.79561341, -47.86661982
1819 KTV Pub, Singapore, 1.27977934, 103.84161472
Bizim Park w/, TÃ¼rkiye, 41.73173673, 27.21630401
BÃ¼yÃ¼kpark, TÃ¼rkiye, 38.46261177, 27.2168684
Titanic Hotel Wellness Spa Fitness, TÃ¼rkiye, 41.04373702, 28.91339717
Girne KapÄ±sÄ±, null, 35.1814728, 33.36174488
Courtney Newton &amp; Associates Real Estate Team International Offices, United States, 33.950525, -84.495431
LÃ¼leburgaz Lisesi w/, TÃ¼rkiye, 41.40292568, 27.35578597
KÃœÃ‡ÃœKBAYRAM'S HOME, TÃ¼rkiye, 39.75132476, 37.03396085
mom&amp;dad home ğŸ¡ğŸ’•, Ukraine, 50.39230697, 30.59672191
DIAGRO Sede, Brasil, 0.04684744, -51.05180179
VoÅ¡ac, Croatia, 43.27092743, 17.05315399
YeÅŸilpÄ±nar Fitness&amp;YÃ¼zme Salonu, TÃ¼rkiye, 41.07815029, 28.92590862
Ã‡ukuraÄŸa, TÃ¼rkiye, 39.89434209, 32.70377357
GinÃ¡sio De Esportes O XaviezÃ£o, Brasil, -6.69188881, -35.53541565
I.P.S, Paraguay, -25.7776532, -56.45052195
Xpressa BTL, MÃ©xico, 19.37971318, -99.14822321
KarÅŸÄ±yaka Ã‡arÅŸÄ± w/, TÃ¼rkiye, 38.45642849, 27.11794853
YeniÅŸehir KonaklarÄ± w/, TÃ¼rkiye, 39.77585427, 30.45258149
TaÅŸfabrika CafÃ©-Restaurant &amp; Bar w/, TÃ¼rkiye, 38.61473542, 27.43308308
Ğ¢Ğ¦ Â«Ğ›Ğ°Ğ³ÑƒĞ½Ğ°Â», Russia, 54.20055838, 37.64615536
My House Cafe, TÃ¼rkiye, 37.78322293, 29.08467053
BaÄŸlarbaÅŸÄ±, TÃ¼rkiye, 41.02373891, 29.03681159
Ä°zmit Ã‡arÅŸÄ±, TÃ¼rkiye, 40.76378538, 29.92896095
ColÃ©gio Santa Rita - Anglo, Brasil, -21.47343756, -49.22701114
BotaÅŸ Sitesi, TÃ¼rkiye, 37.04977416, 35.2655983
Ideal English w/, Greece, 41.26543499, 24.92688567
Starks L, BelgiÃ«, 50.97854945, 4.34759269
Askoroz, TÃ¼rkiye, 41.04377997, 40.58460886
Case InformÃ¡tica, Brasil, -19.98060668, -43.94328997
KavaklÄ±'s home, TÃ¼rkiye, 38.26100205, 27.13235791
Oxygen Spor Center w/, TÃ¼rkiye, 36.88583118, 30.68431406
ĞÑÑ‚Ğ°Ğ½Ğ¾Ğ²ĞºĞ° Â«Ğ£Ğ»Ğ¸Ñ†Ğ° ĞœĞ¾ÑĞºĞ¾Ğ²ÑĞºĞ°ÑÂ», Belarus, 53.88739515, 27.53845453
Lewin Computer Rooms, United Kingdom, 53.38101483, -1.48041466
Residencial FlÃ³rida 1, Brasil, -16.716919, -49.261854
Leticia's House, Brasil, -20.32257414, -48.3140445
AK Parti Osmangazi Ä°lÃ§e BaÅŸkanlÄ±ÄŸÄ± -, TÃ¼rkiye, 40.18855356, 29.0638201
Predio B-IFPI, Brasil, -5.08839554, -42.81049105
Tavares House's, Brasil, 0.08353035, -51.05928698
ĞšĞ°Ğ»Ğ°Ğ½Ğ´Ğ°Ñ€Ğ¸ÑˆĞ²Ğ¸Ğ»Ğ¸, 38/5, Russia, 62.02468358, 129.70337803
Cafe Kristo, TÃ¼rkiye, 40.76551023, 29.92585659
Cennet Mahallesi w/, TÃ¼rkiye, 40.99095851, 28.78078257
EdifÃ­cio Portobello, Brasil, -20.44646502, -54.60384344
My Home, LeÃ£o Family, Brasil, -14.67060293, -40.4770912
Akasya AcÄ±badem -, TÃ¼rkiye, 41.00082418, 29.05398846
Ã‡akmaklÄ± Fabrikalar BÃ¶lgesi, TÃ¼rkiye, 41.0560903, 28.64347672
Hangover Cafe &amp; Bar w/, TÃ¼rkiye, 40.15251666, 26.40704075
Lau â˜¼ House, Brasil, -30.96824361, -54.68081114
CondomÃ­nio Riviera Green, Brasil, -1.36690245, -48.42377717
Bier KÃ¶nig (ĞŸĞ¸Ğ²Ğ½Ğ¾Ğ¹ ĞšĞ¾Ñ€Ğ¾Ğ»ÑŒ) w/, Russia, 59.92734515, 30.32372475
Aylak Cafe &amp; Resturant, TÃ¼rkiye, 41.02755514, 30.30198892
Save Solar Energy, MÃ©xico, 21.023637, -89.620453
benimmm yuvamm :)), TÃ¼rkiye, 38.48465025, 27.21469697
UnkapanÄ± PilavcÄ±sÄ± w/, TÃ¼rkiye, 41.02025447, 28.95922967
AÄŸbal Malikanesi, TÃ¼rkiye, 40.77258723, 29.91526452
ExposiÃ§Ã£o, Brasil, -29.17483371, -51.17287874
Whatsapp, Brasil, -12.25271416, -38.94471359
Dubara Cafe &amp; Pub, TÃ¼rkiye, 41.17867012, 29.60950613
Pi Waffle, TÃ¼rkiye, 39.78536918, 30.50993148
Trailer Da Ana, Brasil, -5.07638309, -42.82629506
Oxygen Sports Gym, TÃ¼rkiye, 41.00846632, 28.87481007
Mugla Oscar Gym, TÃ¼rkiye, 37.21669348, 28.36712837
Titanik Residance w/, TÃ¼rkiye, 39.75909907, 30.49912091
Tufan Cafe &amp; Bistro w/, TÃ¼rkiye, 41.00488986, 39.72684488
DÃ¼ÅŸ KonaÄŸÄ±, TÃ¼rkiye, 41.45694918, 31.78805516
Lugar que chamo de casa, Brasil, -3.02680346, -59.96236651
Ä°stanbul KÄ±r Pidesi, TÃ¼rkiye, 41.00542921, 39.72711746
Ponte da Ilha dos AraÃºjos, Brasil, -18.86143747, -41.94446071
Knyaz Palace ğŸ‘‘ w/, Russia, 51.51648517, 45.99245085
BeylikdÃ¼zÃ¼ Migros AVM -, TÃ¼rkiye, 41.00696146, 28.65753651
NiÅŸantaÅŸÄ±, TÃ¼rkiye, 41.05139515, 28.99163246
KÄ±r kahvesi, TÃ¼rkiye, 38.15376351, 27.3539784
Belet sitesi w/, TÃ¼rkiye, 41.56869938, 27.77447032
BÃ¼yÃ¼k Ä°stanbul OtogarÄ±, TÃ¼rkiye, 41.04016411, 28.89451504
Parking du CROUSS, null, 16.22410459, -61.52726439
Academia Life Connection, Brasil, -23.57330496, -46.48103562
Playaz Parking Only, Malaysia, 3.06428996, 101.56187801
By Celulares 2, Paraguay, -27.33770503, -55.86592218
British Culture Language School w/ 2 others, TÃ¼rkiye, 38.75355643, 30.54548602
Crakers Pizza w/, TÃ¼rkiye, 41.00624898, 39.73023176
é‡‘åœ°åäº¬ Gemdale Apartments, China, 39.90870153, 116.49164716
E.E.E.M. Polisinos w/, Brasil, -29.7731368, -51.12761656
Marmara KonutlarÄ±, TÃ¼rkiye, 40.97059567, 27.49966154
Clube do Fusca, Brasil, -7.2383537, -37.25587232
MavÄ± PlaystatÄ±on Salonu, TÃ¼rkiye, 36.81633595, 34.61486843
Zeybek Malikaneleri Van Åubesi, TÃ¼rkiye, 38.40881865, 43.26611665
KeleÅŸ Malikanesi, TÃ¼rkiye, 41.00852882, 28.83940555
GÃ¼ler Taekwondo Spor KulÃ¼bÃ¼ w/, TÃ¼rkiye, 37.91635122, 28.3173225
Ed. San Franccesco, Brasil, -3.74732954, -38.51126929
KÄ±zÄ±lay w/, TÃ¼rkiye, 39.92076304, 32.85409927
Butcha The Butcher Shop w/, TÃ¼rkiye, 39.90940265, 32.75526919
Escuela De Medicina Y Salud Tec De Monterrey, MÃ©xico, 20.73422092, -103.45715181
ÅirinkÃ¶y, TÃ¼rkiye, 40.69966564, 29.8244156
Konak Ã‡ekmekÃ¶y w/, TÃ¼rkiye, 41.01484027, 29.19000945
The Cacao Girne, null, 35.33846951, 33.30351964
Alloughani's residence, Kuwait, 29.33520158, 47.99607425
Ãœnal Spor Salonu, TÃ¼rkiye, 37.74691701, 29.09729871
Orfe BÃ¼fe w/ 4 others, TÃ¼rkiye, 38.61310477, 27.42880393
Chairman Burger, Malaysia, 2.44123532, 101.86559637
Casa Do Pai Sandro, Brasil, -29.23568363, -53.66644375
BaydÃ¶ner, TÃ¼rkiye, 41.66194271, 26.58141777
Aydos OrmanÄ± GÃ¶l KenarÄ±, TÃ¼rkiye, 40.9565366, 29.22884057
mayour, Brasil, -23.20997429, -47.521698
End Point w/, TÃ¼rkiye, 41.6352035, 32.33727258
GÃ¼lhane Askeri TÄ±p Akademisi, TÃ¼rkiye, 39.96751324, 32.84329556
YÄ±kÄ±kkemer w/, TÃ¼rkiye, 38.40303256, 27.16364963
Amerikan KÃ¼ltÃ¼r DerneÄŸi Dil OkullarÄ±, TÃ¼rkiye, 36.78270592, 34.5871015
Paradero Pe323, Chile, -33.546787, -70.60444
Ã‡erkezkÃ¶y GenÃ§ Ä°ÅŸadamlarÄ± DerneÄŸi Lokali w/, TÃ¼rkiye, 41.28734426, 28.00004424
Sapanca Sahil w/, TÃ¼rkiye, 40.69741289, 30.26902914
Sahra MeÅŸhur Ã‡ayeli Kurufasulyesi, TÃ¼rkiye, 41.00230201, 28.86425156
AT&amp;T RTC2, United States, 47.66935349, -122.12188721
Maltepe carrefour w/ 9 others, TÃ¼rkiye, 40.9204069, 29.16433031
OrtaKahve, TÃ¼rkiye, 40.91718501, 38.38670221
Cafe Meritalia w/, TÃ¼rkiye, 36.78107427, 34.5960374
Esquina do PÃ£o de Queijo, Brasil, -22.34207089, -49.05067717
GYM Haus, TÃ¼rkiye, 41.01202955, 28.86228561
Klimasan, TÃ¼rkiye, 38.62147089, 27.36348664
ColÃ©gio Santa Bartolomea Capitanio -, Brasil, 0.03986086, -51.06424445
AngÃ©lique -, TÃ¼rkiye, 40.99634298, 39.76240854
NEL - NÃºcleo de Esporte e Lazer, Brasil, -1.44244063, -48.48367263
Mavisehir Pamukkale Bloklari, TÃ¼rkiye, 38.47153036, 27.0776068
Non Stop, Ukraine, 48.76810549, 30.22323296
CaffÃ© Millano, TÃ¼rkiye, 37.76616924, 30.55522187
SÃ¼tiÅŸ w/, TÃ¼rkiye, 41.05008306, 29.05237671
Roach, Leite, &amp; Manyin, LLC., United States, 40.03076172, -75.06200409
Telefonica, MÃ©xico, 25.67444015, -100.40396255
PerfektÄ JÄÅ†a PerfektÄ NaktsdzÄ«ve, Latvija, 56.71644974, 24.81333733
16.yil Devlet Tiyatro Festivali w/, TÃ¼rkiye, 36.98841858, 35.3337059
Nazilli Otogar w/, TÃ¼rkiye, 37.91068559, 28.32271663
Nargile DumanÄ± w/, TÃ¼rkiye, 38.45976945, 27.2130403
ArapÅŸÃ¼krÃ¼- BalÄ±kÃ§Ä± ReÅŸat, TÃ¼rkiye, 40.18865783, 29.05614392
Ã–zbilimkent Resort &amp; Spa, TÃ¼rkiye, 38.33958125, 26.85487007
Ã–zsÃ¼t -, TÃ¼rkiye, 41.01239531, 28.64387551
Achieve Languages, Brasil, -8.032539, -34.911493
Anitpark Koftecisi, TÃ¼rkiye, 40.76587015, 29.94180892
Ãœmraniye Ã‡arÅŸÄ± w/, TÃ¼rkiye, 41.02480579, 29.0928963
MeÅŸhur Pideci -, TÃ¼rkiye, 40.98556845, 37.87863066
Teyzos ğŸ’ƒ, TÃ¼rkiye, 40.9036219, 29.15650875
thebigfish, MagyarorszÃ¡g, 47.50440284, 19.06190157
Rock 'N' Roller Coaster Starring Aerosmith -, United States, 28.35958703, -81.56072024
BÃ¼yÃ¼k Ä°stanbul OtogarÄ±, TÃ¼rkiye, 41.04016411, 28.89451504
KarabÃ¼k Ãœniversitesi YDYO w/, TÃ¼rkiye, 41.20609473, 32.65943671
Edremit Meydan, TÃ¼rkiye, 39.59327976, 27.02053355
Universidade Federal do AmapÃ¡ (UNIFAP) -, Brasil, -0.00660896, -51.08385086
CafÃ© d' AltÄ±n Kalem -, TÃ¼rkiye, 41.21555508, 32.6610552
Revzen Cafe Food &amp; Restaurant, TÃ¼rkiye, 40.92027329, 29.30757861
BaÅŸkaya Malikanesi, TÃ¼rkiye, 38.38714316, 27.09705963
Ã‡ikolatte Cafe &amp; Restaurant w/, TÃ¼rkiye, 40.72769292, 31.6041134
Didin's Palace, TÃ¼rkiye, 41.01451759, 28.85385449
Seratonin Cafe w/, TÃ¼rkiye, 41.02744293, 29.03426933
ÅadÄ±rvan Vitamin w/, TÃ¼rkiye, 39.64508114, 27.87989438
200evler, TÃ¼rkiye, 41.21144422, 32.61933176
Mavi Durak, Medya Evler, TÃ¼rkiye, 40.76258177, 30.36208675
GÃ¼zelyali Turk Telekom, TÃ¼rkiye, 40.85960388, 29.28456688
Mamlakti, United Arab Emirates, 24.3604137, 54.63691718
AtakÃ¶y KonaklarÄ±, TÃ¼rkiye, 40.97714344, 28.84926022
Besyocular Malikanesi -, TÃ¼rkiye, 37.85096624, 27.82528136
AydÄ±nlÄ± Park Cafe, TÃ¼rkiye, 39.78858787, 32.81128981
mcc but no signal so tweet me, United States, 41.7614596, -72.5613499
Olympos Teras Cafe w/, TÃ¼rkiye, 40.76368799, 29.92682609
Trio Sports Club, TÃ¼rkiye, 40.22287318, 28.85055744
Inatel - Instituto Nacional de TelecomunicaÃ§Ãµes, Brasil, -22.2567098, -45.69578225
Dereboyu Kahvesi - Ã–zsÃ¼t, null, 35.18896985, 33.34980108
Åiir Cafe, TÃ¼rkiye, 40.68261591, 29.58541359
Haktan Zeynep BaÅŸ Malikanesi Tarabya w/, TÃ¼rkiye, 41.14262948, 29.02853547
Ã–zsÃ¼t -, TÃ¼rkiye, 38.46066275, 27.20047474
Casa da Carol roso, Brasil, -1.35210047, -48.4137924
Sinek Valesi Cafe, TÃ¼rkiye, 37.06799934, 37.37008527
Tarzanlar KuafÃ¶r Muhsin'in Yeri w/, TÃ¼rkiye, 38.60346985, 27.6045723
ZorobarÃº, Costa Rica, 9.91304544, -84.08336192
B&amp;S Playstation, TÃ¼rkiye, 41.00459241, 39.72811122
BostanlÄ± Sahil Tenis KortlarÄ± w/, TÃ¼rkiye, 38.46196053, 27.08528357
BostanlÄ± Sahil Tenis KortlarÄ± w/, TÃ¼rkiye, 38.46196053, 27.08528357
sera uluslararasÄ± Ã§iÃ§ekÃ§ilik w/, TÃ¼rkiye, 36.20732117, 36.15954208
Ğ“Ñ€Ğ°Ğ´Ğ¸Ğ½ĞºĞ°Ñ‚Ğ° Ğ½Ğ° ĞšÑ€Ğ¸ÑÑ‚Ğ°Ğ» (Crystal Garden) w/, Bulgaria, 42.69448469, 23.32964916
Dergah w/, TÃ¼rkiye, 38.44176742, 27.19117492
Cond. Do edifÃ­cio - Solar do Sion, Brasil, -19.95443404, -43.93917784
RadyoTek -, TÃ¼rkiye, 41.4277546, 32.0714878
KapÄ±/Gate w/, TÃ¼rkiye, 38.38896942, 27.1655941
Ottoman Nargile AtÃ¶lyesi -, TÃ¼rkiye, 38.39912501, 27.08231863
dramalÄ± madeni yaÄŸ ve petrol Ã¼rÃ¼nleri, TÃ¼rkiye, 38.71294686, 27.91942222
Papyon Cafe w/, TÃ¼rkiye, 40.99185561, 39.77920201
ÅŸam sarayÄ±, TÃ¼rkiye, 36.79541649, 34.62160208
Ã–zdemir LÃ¼x StÃ¼dyo Daireler w/ 3 others, TÃ¼rkiye, 37.81266507, 30.53334889
Laylati | Ù‚Ø§Ø¹Ø© Ù„ÙŠÙ„ØªÙŠ Ù„Ù„Ø¥Ø­ØªÙØ§Ù„Ø§Øª w/, Saudi Arabia, 21.56477539, 39.12645732
UÄŸur Ä°letiÅŸim Hizmetleri, TÃ¼rkiye, 40.80081316, 32.19546659
Universidad Ecotec Nuevo Campus, Ecuador, -2.03848237, -79.85737922
Rugby Lyons, Italia, 45.477472, 9.039293
TesadÃ¼f w/, TÃ¼rkiye, 40.22467219, 28.8482304
Star MÃ©dica, MÃ©xico, 19.41381977, -99.1611506
ApÃª Da Isa, Brasil, -22.92911394, -47.03527829
Ã–zsÃ¼t -, TÃ¼rkiye, 41.01239531, 28.64387551
CiÄŸerim OcakbaÅŸÄ± -, TÃ¼rkiye, 37.91485994, 40.23705125
AlsviÄ·u ProfesionÄlÄ skola, Latvija, 57.44457994, 26.935215
AK Gym Marfil w/, MÃ©xico, 21.01141603, -101.28017704
KÃ¼mmel &amp; KÃ¼mmel Advogados Associados S/C, Brasil, -29.68485106, -53.80142192
KÃ¶ftehor, TÃ¼rkiye, 40.68407969, 30.62468896
Maliye LojmanlarÄ± w/, TÃ¼rkiye, 36.91593315, 30.68648151
KocamustafapaÅŸa MeydanÄ± w/ 2 others, TÃ¼rkiye, 41.00545176, 28.93111764
G.I VARIEDADES, Brasil, -1.41477878, -48.47131988
Uykusuz play station, TÃ¼rkiye, 40.91724362, 38.3869773
MuÄŸla Kyk Erkek Ã–ÄŸrenci Yurdu, TÃ¼rkiye, 37.17191001, 28.37626622
BIOS Gym, MÃ©xico, 19.03906171, -98.21102593
CES dans ve spor stÃ¼dyosu, TÃ¼rkiye, 37.8509244, 27.81814034
Jet chicken Amapa Garden, Brasil, -0.0085174, -51.08065796
Ã–gretmen Evleri SokaÄŸÄ± w/, TÃ¼rkiye, 38.3888484, 27.16580451
Burger King w/, TÃ¼rkiye, 37.21446665, 28.36230833
Casa Da VÃ³, Brasil, -29.10683515, -51.12195516
